cycle_id,packet_id,axis_data,axis_keep,axis_last,axis_valid
0,0,0x0000afe852a11d79c4c4b5e1a977ca937e070560b77ab5f3f8dbff826b4f3006b7dfee09800b8344cf382578aff00b2ef7108eae8a44a1831fa0058bef3591a7,0xffffffffffffffff,0,1
1,0,0x7fb0948a33d8596cfdd11beddc49e4edd892771c33fa3bd3ffc6c334576a48d61adc604eb4b90000000000000000000000000000000000000000000000000000,0xfffffffffc000000,1,1
2,1,0x8ad59f671f8454f716cb134ac64e1dc515e0fa6c4a4243651fa3b3d35d6d85e742254e61a9a258bf6e6b0934ba27f9cf07f33b52367eb755226a287fd7ae6619,0xffffffffffffffff,0,1
3,1,0xb57b7c57d33bc53f45f9f96cf3c873e603c51c827c71a4e69a23bd4889d71b3e52979625d25b6417555d834825f72e29bc4bab39bc4f1f5672dd9efbb4b93a06,0xffffffffffffffff,0,1
4,1,0xd02b232b903a80edbec813b5f73c7142e7aafe36ca55a8a7f3a35baddd61fdad8c20d91c5b590a19221dce19593f5b40ea5976b4ae1e5ba2c1b64f9f174c4ca3,0xffffffffffffffff,0,1
5,1,0x25c0c87fcae1a1e7afba40ee1580d86ef68c1d14e7bfd59d0e74b45ac158c7e6188f65e27006c91fc0090ed589e6000000000000000000000000000000000000,0xfffffffffffc0000,1,1
6,2,0x7361935a2068f82eddac889e0450841cdfeafe50f0c76fb1d07d865964cad8d72b6b314bd42979b1d6024fda52d3f731bdf581aebdf15f8d6ee5e7d2b0bfa9db,0xffffffffffffffff,0,1
7,2,0xdb27ff04a0b0daa2ffb5f4d2ac2690a1a73e5e989dec0782d3d93292830ebd5e35bc62d56c3d786bf26c3e9e92ce3f3a0c9ed2a98ad92b5db35eef366cad94a1,0xffffffffffffffff,0,1
8,2,0xf676d633ee41255b7fc3ed4d032759a1fa022bd32e88868c77bcf82450998e470f647afea5a05925000000000000000000000000000000000000000000000000,0xffffffffff000000,1,1
9,3,0x72666ecc0768ce323bfcbac288327e8056cf19e41629489027ee30801394c685fa3451029c2034d81cef9aa521182577e73f5cfd68a48e8f92be0fa552d52b4d,0xffffffffffffffff,0,1
10,3,0x7c4fa69c837eb972185e9331830b18c267162a0ba4b99e62c843b59e6e02a8eb514e87d4cd4047e59eda1622e52fe44c450f58e9c8f64b9139002fa802d79353,0xffffffffffffffff,0,1
11,3,0x1a28f25b6fd8f949ee1b2f1d007b620fd34bd7c99768039797ab9a6e3eed94581586b3845eadce4dc8fd6ac878cdd74c18af15af171847afc3e11d01ceb15ae4,0xffffffffffffffff,0,1
12,3,0x0d6896ba36e383334e4bac1b23f833d20de3e9262a98e90bb6ebd96745bd9f5226360d5c19909067db3c82fe34b6d04199ba67c35251ce083ca7700000000000,0xffffffffffffffe0,1,1
13,4,0x0fd38b45e0e75f7077c64cb3494ae7ff1b2998d5905b27e129301dd0a09e35af72c0f552a854c31f1a0fd36359ba6274e3fa49745571557ea1734f411184f083,0xffffffffffffffff,0,1
14,4,0xe5d6ed39990c54a8dfb7019a1a767d14bff16a3047e8d1ba3712cbbc034f01e825ee22befa7666da2d677447ddf15c9de3c6cd2aae9fe4e6b1afa2b4fea39d23,0xffffffffffffffff,0,1
15,4,0x00000000000000000000000000000000000000000000000000000000000000000000000000000000000000000000000000000000000000000000000000000000,0x0000000000000000,0,0
16,4,0xe18b35476562afd9aa8ccb0629aeccf7d87a96bc60476b02fc6aa5998d36586fc28db627ef650199f20000000000000000000000000000000000000000000000,0xffffffffff800000,1,1
17,5,0x1b7a6b1252e6a80e46f07949ece3ee857125dde0e76a960e00000000000000000000000000000000000000000000000000000000000000000000000000000000,0xffffff0000000000,1,1
18,6,0x0ff3eedb920955fe1ca7e4c4b52ab42f73a0126225838702636e6cfa7cc6f68cb9e4674bedbd4909642dce1a588249cb235b2d48dfb44b4222b73c9f7d322b36,0xffffffffffffffff,0,1
19,6,0x9282044fcb0db4f9dbce515e171c81724ac951fe149421ccd0c04903eb80197d021dcdcd2b81c6064f17646634e5d87eaf000000000000000000000000000000,0xffffffffffff8000,1,1
20,7,0xc3be9d8f8e5dd9914859abc65bc89328f314effa63065ec93a44a1b8f3cb35b689d24618301fa978000000000000000000000000000000000000000000000000,0xffffffffff000000,1,1
21,8,0x3ed31dd1fb10e5ea0a48f169112badb3e4a07e195608eb9c201bbbc994331ed2063ba4024b89ec56d2ddbfe3096c96ed0c1506621df1ff3d0dba06a1ee2473f4,0xffffffffffffffff,1,1
22,9,0x00000000000000000000000000000000000000000000000000000000000000000000000000000000000000000000000000000000000000000000000000000000,0x0000000000000000,0,0
23,9,0xaba1e30173c0c056c92cedb63802bc9a1fae995cbb54625c4287cf36e6e72d91881092fbd052519a7e3e50b6400d515fbbeabb763e1ed280a5a1b78b88e41d10,0xffffffffffffffff,0,1
24,9,0xaf0bc4025d5e809baf37dcbc883b7772f7edb115bf31ba60e845e9cc62f9c01205851462e394fd92cbd94e5315c5c60cb2772171a8dbd29120bb5d83b41e95b9,0xffffffffffffffff,0,1
25,9,0xa91b863d191909f2675c072d2213df993451420f23d330de30b3924e484cf1f167782e80913773f8947a25b68e00000000000000000000000000000000000000,0xfffffffffff80000,1,1
26,10,0xc25692d27965025795b5e9e4fd35d5ee9d4d1c1dde5490d7e80bfc9e9901ee5b57802dd0e52f277be4115fe14634cfe382ec0160409137289c34c63535b5918d,0xffffffffffffffff,0,1
27,10,0xbe5d1bee8596d296f5b4dc2983c0ab6fc10caf5243d7ef779e24ad53b53a887497a3621c3934b22ee88f586c4f03db100f8b62536251ca007677532bb1dc9f49,0xffffffffffffffff,0,1
28,10,0x0165b93618e71ea73f8af643660652f168a553ba705430e7a75b9983fbe203fc47bc325fa35106e3dbfc26410278326b1e86258eda557581b00e05abf008a838,0xffffffffffffffff,0,1
29,10,0xda97672b9e4a079a70489de97b080700000000000000000000000000000000000000000000000000000000000000000000000000000000000000000000000000,0xfffe000000000000,1,1
30,11,0x95db820a5c321961de096986412d60d9958c77df931150dbae3956b64057e3d53265df8f98f8f076025afc43875c1c1ce893fc7ba54c575385ad0ac505ed9a37,0xffffffffffffffff,0,1
31,11,0x79c6eb72b76174115db798b9d4b5a267b11d0cfd746082226a472757e15eaa5a2595ccdcf640ed53f8850dcc3a00000000000000000000000000000000000000,0xfffffffffff80000,1,1
32,12,0xebcc40e841a06a630ab18a6192e80ced0da1b9e998fad6ebf25cf8be96a7f18274316ab5d1d518db86a23d198a490698eabf8182b9586eabb466694a0e5bcc82,0xffffffffffffffff,0,1
33,12,0x37375e0c4f3992f176ab7bbfb113aa71952c2aed9ad6a1013feb0f9ab89127efc885fb17be8d08353983f4ea979e5b2ccb8619655cba669ba500000000000000,0xffffffffffffff80,1,1
34,13,0x5d065d4ccee247e5a0d5edd50e71caf80868543433da4d993607ffd1ac75070a7b64564a469e2fe7731dbc818e867996efcdca22a717bbdd1ebbafca30b6d4ab,0xffffffffffffffff,0,1
35,13,0x2bf561c925483c4205bdd08b36667a04309dab4758896513382f43ee04ef092fe46bf80000000000000000000000000000000000000000000000000000000000,0xffffffffe0000000,1,1
36,14,0x344bb8f11b442781be2bb15bd7f8b4605dc7988d0b8691fa90c0defbb8e8aeec3367dd4fab04d0693082c5077a7967d840ff654b850000000000000000000000,0xfffffffffffff800,1,1
37,15,0x15b624106e0cbf5a3f26378ed13b5f3a6be1ff725b78d933b9d80000000000000000000000000000000000000000000000000000000000000000000000000000,0xffffffc000000000,1,1
38,16,0x5e8e4a73446e84b27a430cb96943483a7fa774ea88745de3ec3617a50fafaa6d3ef4e082626435dca741951085dd4a0484bfee0c334bf01f8207c591b66ffef4,0xffffffffffffffff,0,1
39,16,0xde77c543aca1eaed36fb72144576980465a537b09557329c1cc3528bc147eea0beb3e36a54cd578ac8ca9e0e403712a5dc4a5671a1880dbd4c5f480da636ad64,0xffffffffffffffff,0,1
40,16,0x90ce3d5e26c726f06634309d47d679912cea32b4f7ef0056370efd6dbb61564c3093aa565ad046c005765d4c4cd6dd78c00f2db7000000000000000000000000,0xfffffffffffff000,1,1
41,17,0x0e353b0ba2f76cf8439c8bedf2e5bd38a6c2af030efbdaeb749afaa152f8ce602d0a6bcf01d7c7447452316638ee9fdeb14ee1bf49bbabbd56a55ea89e2d08cb,0xffffffffffffffff,0,1
42,17,0x739b384a627cbeb5ad25ed9bc4cb4c12ac0c5b68b719be5c7766faa46ec6dbe161132bc38fea783c0f65d8d33024e5dd304045e7590344d1693e75d70451b865,0xffffffffffffffff,0,1
43,17,0xe329f4cda130dc0708af372d94145dd559452e5c89ffc5c7759cccc654312a385a1e05fc4fe20357913a84264fe2fba8272905b029ca779e674364bb758ef3cf,0xffffffffffffffff,0,1
44,17,0xf9cbfcdbce536c09d89258ba8d00e1b70591e0d0087e374ce2f20000000000000000000000000000000000000000000000000000000000000000000000000000,0xffffffc000000000,1,1
45,18,0xe6901ddf5c19ba2a6d263345b98bff468ce0fd9171dd61795b98c53d8b86ae7117cb5073e50a9d5230d197e95c9630e8762d7ae70bdb60667426a4ffac5270c3,0xffffffffffffffff,0,1
46,18,0xc03602cad454faa5ebe4018114eaf74164de4c3f3fb3b36557b211a922d5c6e20bc9acdf1da784098b868a9f7082e0d4602d139fe0c704377916e09ceb000000,0xfffffffffffffff8,1,1
47,19,0xf66f2bd68dd25a965de020fc50a2dc24030938a2e9ffa72078bd0014a8a7939e16be74a390cf39edaf5ae900fcc524ffcf5ca2b85b49d9d406d9e8ae807b4c97,0xffffffffffffffff,0,1
48,19,0xc13ac99074b63fce9f3fca6564ca34c06cec1cb5c5f0bb9fd8691f54b5b68d76f15706650d4633ad85fd12e9c746aa3332c6e8f8b6a3978e0cb6e2c26d70385e,0xffffffffffffffff,0,1
49,19,0x3fc3d485f6810af393f4bbd900000000000000000000000000000000000000000000000000000000000000000000000000000000000000000000000000000000,0xfff0000000000000,1,1
50,20,0x0c64d7041a7a9ba887518b49befb811cc2c0df9645d51850c9ab448485e2729146499560c430084b819394408e155c50d63ce71b11ff6bdaaaaf5e2f91d1c0d7,0xffffffffffffffff,0,1
51,20,0x5537de85402907d3bd4762d3a3b2a9df99c4f19830cb43df2a7271fb3348158880f40ec01d1593db5cf500000000000000000000000000000000000000000000,0xffffffffffc00000,1,1
52,21,0xa857df411bd0da4b9b1d2bc58f9cc0c2e4d64b64ca5924e76eb8c2caad70c955c7a897e378712e148e59d91df59ae0da702b3e3a846321f21be4bcc854851e1c,0xffffffffffffffff,0,1
53,21,0x00000000000000000000000000000000000000000000000000000000000000000000000000000000000000000000000000000000000000000000000000000000,0x0000000000000000,0,0
54,21,0xffa6262dbab48794d17c2eb1569edc95d860f8f95213dd0edb3294f94ec2ae4d68d47a238801b75a7ee50bd483e8695b4861549b7432a950643d49b2fff8ff68,0xffffffffffffffff,0,1
55,21,0x798b557b42aff927bacdaaa23705eb9859860d8b2f5def6da6a16c9ea0d46b1a5fc095a16f8ec8295b72cc9277b72bd13d385c6c954cd93bed46da8e1a45a87a,0xffffffffffffffff,0,1
56,21,0x3d1b0000000000000000000000000000000000000000000000000000000000000000000000000000000000000000000000000000000000000000000000000000,0xc000000000000000,1,1
57,22,0xe49d265669b9ce20e49f5d1cfbcab147a3ec35e9c6c3040b6b7e10a89984737d2299d48b52a2ac364109523cd3038477f0b960b67c64c2e7e2d28f7c5702f979,0xffffffffffffffff,0,1
58,22,0xcd04ee6fb024b0ba77ed8d7a71046a2a6521a6c9e38dacb51c280c1e000000000000000000000000000000000000000000000000000000000000000000000000,0xfffffff000000000,1,1
59,23,0xb9ef8aa75e3acc0ff443fc82bd6d862897eb493db52cca61e1e689ee04aa73bd99fd65f83831072c7403ae317035590720a244d5ce0e36b0f4bf9ef86a11b503,0xffffffffffffffff,0,1
60,23,0x1afb474b0273bf0522f175574a7c77edc04dbbce836bc24309baad1b70b02a8aac00000000000000000000000000000000000000000000000000000000000000,0xffffffff80000000,1,1
61,24,0x00000000000000000000000000000000000000000000000000000000000000000000000000000000000000000000000000000000000000000000000000000000,0x0000000000000000,0,0
62,24,0xe495b40686295dd1a6d5be66227935a5e5f7e8eeb29509224633acf2a482a08918548f9e7eed6f24c22d8ae4a7bf898cb7727a6907848b4db7373f5cbae0e5d2,0xffffffffffffffff,0,1
63,24,0x7470b261e0d6230d6107b4209140d703bb400a3fcb58f6039752bd77378facacff5e0ddf3531ed9638a1b6c9e28ecc9dced7dc9a2fd29dc6255a3e5ce9ea08e8,0xffffffffffffffff,0,1
64,24,0x16c87d47b5137f56ca49385815d526ecb1c01b845de2a9b72005a00a0e89522451d06b06e3ea5cad339505496a2c351cec51a04a334901000000000000000000,0xfffffffffffffe00,1,1
65,25,0xa25d5c2baf807c7feb8263d6de1009731652de4288fa2ed99a780ce37a5f311cbc8e476b0ec3ebfa454ed0235ed997742c75b6b46fe58d095d99ecd7f81df3b4,0xffffffffffffffff,0,1
66,25,0x3a1fbafd0ab442588466b75dfd2b8972e23de1c7caea2463d6fc5bf3ef0f9f2a2f00000000000000000000000000000000000000000000000000000000000000,0xffffffff80000000,1,1
67,26,0x390d6a9291d049eecd74783f56b5201d800a42e3e03e3fd32d4e72577dcb7fb7d8e94969b992588606d0c55d85e57a05efbce9cffa28a22876157ff4e0feabb9,0xffffffffffffffff,0,1
68,26,0xf422a0867a268c4aebe9d0d064d5bf20be8e1be631435d46c25126c1fcdfa8f00249760000000000000000000000000000000000000000000000000000000000,0xffffffffe0000000,1,1
69,27,0x02c75bec972b506ceb702b798b11aace6ef091bf1752bbf6faabf8432175b3243c0e10d339603f24d06a9e5c7c482aea39bbaa500d654608113f4b32b4fe56f0,0xffffffffffffffff,0,1
70,27,0x66c346c6026a976d08f3e9511dd38ad97ddae6e320eef45f3a2613387d0345e3c68baac9f54136fe341f4f51f2d92a70b31153d3ff4733396d4672ea4ab7ce10,0xffffffffffffffff,0,1
71,27,0x78d937b90f35ed2e843e215d6991107ae4e4792b17b3985d2583a7dc51b81ec9915582a18b6fcf0fadf06d16817d9065610a9078bd29d6e2ac7dbefd35dcc6c7,0xffffffffffffffff,0,1
72,27,0x4868bcb737cc6428397ba9b60b0f1815000000000000000000000000000000000000000000000000000000000000000000000000000000000000000000000000,0xffff000000000000,1,1
73,28,0xd2c866b474e47271194e37e0807f483c3680089ba8411651f82160103700a009c807be3deb30ae047fe6e5ff652d3b9cad443755854da77d6e078da5072eafd0,0xffffffffffffffff,0,1
74,28,0x00000000000000000000000000000000000000000000000000000000000000000000000000000000000000000000000000000000000000000000000000000000,0x0000000000000000,0,0
75,28,0x0d209dbb241ca1091b073757a3e49bda3a2027e19e95e82b3bf059eac08e57cdaef488d3112adc2c311383d4f81eae323fd513dd6afb08a5eb628fabf0e6789f,0xffffffffffffffff,0,1
76,28,0x0172ec2b4e185c000000000000000000000000000000000000000000000000000000000000000000000000000000000000000000000000000000000000000000,0xfe00000000000000,1,1
77,29,0x305abade8cf9b39fd61d9adfc3864152313139aad014ab4200d6911832f3b4624d6f40d968f3783f10121ed3985f26ca905f7461731fa373f5348b2727408974,0xffffffffffffffff,0,1
78,29,0xc94d17bcc556ccd80000000000000000000000000000000000000000000000000000000000000000000000000000000000000000000000000000000000000000,0xff00000000000000,1,1
79,30,0x70d3c63a6425aec598cd680bc29d96e9c4d67239853b869df74cf3c4246864943b2a000000000000000000000000000000000000000000000000000000000000,0xffffffffc0000000,1,1
80,31,0x4f7d64e74bcdf20d6a88f72e5f6967e4a5ee819c3a75605eddc4f218eec1b83d3f1c248ae91697539f8e82fef8e9e29dd7643911d99a6fb65e62ce4d23868a62,0xffffffffffffffff,0,1
81,31,0xafec8cc584e0641262620a4b45a723a9e134827ba438d9060626298db18c306078bc25fc9c8a0ffeec194a31c16ddaa2a15c1d4594f64b9b1d7528ce01582e79,0xffffffffffffffff,0,1
82,31,0x5376b1dd85afca9ef9fb5f66d60108321e4dc7159962320e8a000fe22e88f681fea75f83572922502481b7fa83bf2da10cf4b6a556e8b3e0e8c2c2164b000000,0xfffffffffffffff8,1,1
83,32,0x4960f7cdb720ef074470be3ff37d6c958a604b2fb634e3961ca55833f010cb3a70c20727e2f62f2666ed655a6bd1eff5313a24e76e077d8badd5be9de689d756,0xffffffffffffffff,0,1
84,32,0xde7e2dd4ad533b9ab995058a84fabcbe1fa32d2621b8d3f67671dcff48334a27b177fb5eca36f883cbfe0e4ff8ca0e176d3b3e8ef3118569826168cb94b2f245,0xffffffffffffffff,1,1
85,33,0xa3f3249c77ef9a853f924f4daabc88e84b7bf9d0e47c314c47c6fe390b2726af1a4a4b913ae516797765c621224e096dc9033dad7f6ef9c634f7ff401e25ef38,0xffffffffffffffff,0,1
86,33,0x3acaaa1fe0239646e9b86837c1d500c412ad4380a609b59d08f5bb2ee4f39e1ebd00000000000000000000000000000000000000000000000000000000000000,0xffffffff80000000,1,1
87,34,0x9e6bd3e4548b4c8b4d218b11333855b3de5e687b675d36954129335fe77b9c85e670693afbb5c548d6505a0988afbc660d25e174821709c4403c2327b7c0ac9d,0xffffffffffffffff,0,1
88,34,0x15d72bca9c74a0eccea9747d66da8a8bbbff0dd208d11345f53afcb5e79ae5fc7110c70e8467fa52116fcf77495a0205590fd761e1eaa6d625a38b0c3d7008ae,0xffffffffffffffff,0,1
89,34,0xcfbc0537b757482627bf6f81c174dad04c3bb136e2875b851267c2827070033f2d0876e45fbe0a867d79073eeee10f3a1dc070ff48cc845a3346dda3b6e0e3e3,0xffffffffffffffff,0,1
90,34,0x59c74718d1ce954bd5d439b7e373d4a3e3d3ebaf0000000000000000000000000000000000000000000000000000000000000000000000000000000000000000,0xfffff00000000000,1,1
91,35,0xe39d238653036937ebc3fe32dbd000701bd644548d27c761cbaa34b65a8bfc3d281fc37b222db20df0b140cb81403b9c1680f0a3a7b70472613829bbc325f8eb,0xffffffffffffffff,0,1
92,35,0xbc6767e91975d9cab5a44bf5dfe70c5fd7af078eb479f0eca2abb0c8a49b0d600274491ce922e69ec63294a519a005f14f0c7f03856ff0281ba0f0bf3bfd1f3e,0xffffffffffffffff,0,1
93,35,0x685a5b8a40f950728df58c2dfa7d7d06fc0000000000000000000000000000000000000000000000000000000000000000000000000000000000000000000000,0xffff800000000000,1,1
94,36,0x6c70b48710a4464ca1658a12cde46d572467a797f49c232297a09f9d9c1f290890dd8fa081d5ec223a7635075aa25e7f090516fea2392039d9bfd675de007e6e,0xffffffffffffffff,0,1
95,36,0x00000000000000000000000000000000000000000000000000000000000000000000000000000000000000000000000000000000000000000000000000000000,0x0000000000000000,0,0
96,36,0x0f5fe3fb811d72b625cc59834b628961602b9a8064733f3ae91e3a678c18749b775797f87509af9ad5081d216aa682cbd11d4b35908b7079a9aae035c255d139,0xffffffffffffffff,0,1
97,36,0x68322171e1bb46e9d967537fea1e5107000000000000000000000000000000000000000000000000000000000000000000000000000000000000000000000000,0xffff000000000000,1,1
98,37,0x97f5f6119ea1f1d36346a49df30ccf147db0d0c40000000000000000000000000000000000000000000000000000000000000000000000000000000000000000,0xfffff00000000000,1,1
99,38,0x2bec28150b791c7500b46af6c50897b6dbfbfd8098f08c67040a17d4ceb07df99ca60fa71f2b1c1fdf8616a48ead5b6aa858ea404876a74c80be214e6e9e480b,0xffffffffffffffff,0,1
100,38,0x57b26482cf8362559906e447614eefb9383001aed74e2f966f7d040dc50f521cc2b69f913901e6d307ca1a691800000000000000000000000000000000000000,0xfffffffffff80000,1,1
101,39,0x503924ff11722ea7e1ababee71bb408d7df62c0e302df40335bf1d9ed726c02860e427715655183700c326717e66fffb5d2b098d59fe908ebdad2c94d3ecbc33,0xffffffffffffffff,0,1
102,39,0xe3a42738bc5f398085aafeeba9fa48d503d52e0165bcbe12e853e6d40f19a5f3becd2b7a2c64fab10ff99cb8f3e58df6babbf82077b6325f0918341932d90cf0,0xffffffffffffffff,0,1
103,39,0x376ad29c6583ab5e20635105f147bfac3fdf24f61283ff0000000000000000000000000000000000000000000000000000000000000000000000000000000000,0xfffffe0000000000,1,1
104,40,0x185c91244c375cb70af81c8da37aad06cbb2f71272a45251c848634b478e0360ea948437cbe0eed5d80a637b8410824fc37961351db300000000000000000000,0xfffffffffffffc00,1,1
105,41,0xfbea31437834a362c8279993088769e091cc5c15dcde649f57c6d475795b5a75458bb8bdbf5b1f8782b91b8a40846bd250c7e72ca54cccfc12a0718bfbcc0040,0xffffffffffffffff,0,1
106,41,0xb8fd17131d9e96d6b920163d8be88d52d0baf71c86f42e2665b92231ba62897260a0867d3e1c53f83c6935c852c31a227d123e03066c296b254b9ddfae26520e,0xffffffffffffffff,0,1
107,41,0xd88b04f4defc304732f899f513bb7225f9752b659e968bea336a9859bca61f943124880f20b95652b1f047c4abb9e9a52e140acdab95b7de004f000000000000,0xffffffffffffffc0,1,1
108,42,0xf55751267bd9359c928bee447b360827eff2cc1e06d6ebb16ca2906cf1c828e61f790c9b53410000000000000000000000000000000000000000000000000000,0xfffffffffc000000,1,1
109,43,0xcc2529485b326f4b243b692a1154dc7df66ce9e73412cd538bd9eede1a25c4e64bed2ea61f9df143d85a6eeaae4a67a4b6518bea63583dee312ccd4b5191329c,0xffffffffffffffff,0,1
110,43,0x60439efe34e1d68f4fc03d9928e24f796d39dcc677caf7a39743f4287591a7d5d445d30826aa97766ad50f92b75f0b2498e7ea0fb2e2b24925a7729a38196f0c,0xffffffffffffffff,0,1
111,43,0x431484edacfa57810aea3869f55c01dd47118f29c3d84e6a4ae8a26357aec19ac346876f40dff04ac928b3be84b59bcbc62af4890342f4000000000000000000,0xfffffffffffffe00,1,1
112,44,0x96b18245721c08b8a477f98367434c8ff70a13aca6df72d0d3fbd316ef214086d2c2cb44dfd3fd834af606b1395240305c53dc02324ed3064aa61c39c75cbf99,0xffffffffffffffff,0,1
113,44,0x8adefe5ddb81a7d187580ad9983b35ec17381e660b24b0b140e9799da912bc33f0ba91cb3b389cc291a79b29e2d015f908345f13580fc599f93e36a250f2d541,0xffffffffffffffff,0,1
114,44,0x660ce79fa9a93050445932146f2b1da38b30fb9af5949333ca3584bc0bc56871d14f107af840ca3c9afc5109286eacb39ea74d943ce1c706164bc321102b93e2,0xffffffffffffffff,0,1
115,44,0xa35c73e427b07e2301874b6f33000000000000000000000000000000000000000000000000000000000000000000000000000000000000000000000000000000,0xfff8000000000000,1,1
116,45,0xda4ca1162d691d43b4e065c50bf8a7869b03fa7f2aaafd4eab84991ab7982792e4c9a81132c554e6a5b9abb1b152374d5631cc80dbcace864e68a00600c898e4,0xffffffffffffffff,0,1
117,45,0x40f5c30649a9ab03555cb4a79401fdc5ce7ea1984c27e6b4c8ecb490849821c58de4cbd78d76dae2d38e8a6790872c5e05cdf652f5dc00000000000000000000,0xfffffffffffffc00,1,1
118,46,0xc9bb4d4d536e12e152ddb8df5492c227204c8eb0d3ba0ed988040000000000000000000000000000000000000000000000000000000000000000000000000000,0xffffffc000000000,1,1
119,47,0xe1313aaaec87f740f50a2147e7d9263b6be8628b34f03c08ab4ae1334f0cb0303deada2a71d16a66db8badc364d3fecfbc615af05196f8fce1d92f30e5df6023,0xffffffffffffffff,0,1
120,47,0x3a4d3a0bb7a0e7424daaa621a875dd09cfcd5b66c657479f87778566d7a83011f56a1cac0b03ee58ad94795609565fd824ba3eea12858999fc0effd3b62fe4ab,0xffffffffffffffff,0,1
121,47,0x0157a50445fdb2d97708e2cd67bbf122f9db347f65cd7b73cc000000000000000000000000000000000000000000000000000000000000000000000000000000,0xffffff8000000000,1,1
122,48,0xfc33d596342d3b397238eb4caff32e7d5ae96e7ce34ab062af7ddd224a2c4c466022dc944f17cdc14fb80dffab3c7c0625ea820834336ae3b04806fa745240d4,0xffffffffffffffff,0,1
123,48,0x1c69c333368583ef92829acefea0f4e823fc1d56670006af0601235941f8cd5e6100000000000000000000000000000000000000000000000000000000000000,0xffffffff80000000,1,1
124,49,0x97161486a896217794c16b7de4679a3ace9a417da142a1fa8399c7e1fa5873916e8718171e398eb2faf92fdf60c9192f645aac059c4dff20e6c601e01f74728d,0xffffffffffffffff,0,1
125,49,0x8aa41ac332ccbd2bfc9c8cc5b6bb2910672eadb52dcd9bf4ce7c1343eea03f7845593b7725f8a321952fe74bea105b513f08066cd5a260a41e73e70c14268459,0xffffffffffffffff,0,1
126,49,0xbfd0a4b773c64ca2ad978cbdf3defc00000000000000000000000000000000000000000000000000000000000000000000000000000000000000000000000000,0xfffe000000000000,1,1
127,50,0x69d186c975a43d5cb0518234aa01f37aa5abee6bf790188f1dd682fbd27ddf3b4e6605c30a421fbb93a1ef3da2e3b7488ea5b38536cc1453a2964e74142db062,0xffffffffffffffff,0,1
128,50,0xb5269ef745598ae748c7892b7ed1b924853f5a5153adf3eafb67fe281760bccc865ac3ccb34db3fb143c27930ee0b7931f11e473bed75db93e5be156bb9d2242,0xffffffffffffffff,0,1
129,50,0xe60eaa33c1a648fdcddb0bad92000000000000000000000000000000000000000000000000000000000000000000000000000000000000000000000000000000,0xfff8000000000000,1,1
130,51,0xa3824061599d1a98f8fbeeb399100000000000000000000000000000000000000000000000000000000000000000000000000000000000000000000000000000,0xfffc000000000000,1,1
131,52,0xf6033b2ac4e172c2ae4dcd5bdf6c2882ee68e34805fde0fdf8ceb191dea622d5aa5dff6e3e7130ecbefe479d6a701f58d802a0deff80dbf74e8c892d33ab02dd,0xffffffffffffffff,0,1
132,52,0x014b46727c32307a79cde4e9ec3cc2eedda0ed5d7be4ac086dd93b18db1820dc63664edf987e59124b0000000000000000000000000000000000000000000000,0xffffffffff800000,1,1
133,53,0x377abd25575d12b4d9f660e164391c7c14349df097033e779cbcd0ae070ea93e886763dfc475939d6cf47ed02d9a4c42cee93266ed71dd892dad3735bbe07343,0xffffffffffffffff,0,1
134,53,0xd7220c4cb6a9b8aa2888d7c2d51991be4cf7abbdd434ea816b1f3d4c9380936aa39fb659496f0371f7da33ccf4c48b40bb36fd8f6be711d6074e229aceb60471,0xffffffffffffffff,0,1
135,53,0xbaca9e29cd0f21a843ed9c0778dcc3afd9521ac063f0c7b1136180c965f11e20bcbd4989cc6a310f58cd17d0a9da7f822c9943908a0a419d6cc166d1b384f16f,0xffffffffffffffff,0,1
136,53,0x3bf80ea52a1dfdf734cea10e4d233be766cb71710c0eddce74ae81f8a0f03adbe800000000000000000000000000000000000000000000000000000000000000,0xffffffff80000000,1,1
137,54,0x12657e0a9a4caba899cee38035aef1a6bbff838973310a6cd1faa6ace2ee2df553abffedf7aa9690787911ad280253e302d66c750876e1d97087865275b347c9,0xffffffffffffffff,0,1
138,54,0x46b655f04ce569c6f616eef96ad1fb403d7048b3522223d9a8754f5bbd18b903ce0ef41bf35de1ea73cfe3dda0de1edd4e6690a088b37a3028c98be5e144e9af,0xffffffffffffffff,0,1
139,54,0xddca463aab30ad7a138b1af1a9f73f0f87e0983a5ac863235448049831b3eb0e7e31482961f6a47481be652ab6a4393d84d178de9adb01ee0000000000000000,0xffffffffffffff00,1,1
140,55,0x8655b9716337a2ac6003a2047723c3dc4d798186b605582ee4f209e5e02deb6682a4d8e5db7a913b7e3340f55603d2a37c532a325882613c746a2254970dba19,0xffffffffffffffff,0,1
141,55,0x00000000000000000000000000000000000000000000000000000000000000000000000000000000000000000000000000000000000000000000000000000000,0x0000000000000000,0,0
142,55,0xff8c0d90c78bc407801a0a52be86a5e8b9fe6a1a3ade845c321c69ec351a7f34a68cc56e17897597a380ea61068f49bf8db3d9c8915e24c37a8eb0afa82fe44f,0xffffffffffffffff,0,1
143,55,0xa9bdd2323269d5b25337b9e3807870345238c5b05d892aeb39d99368bde223669ff598d25e6e84b2a53d9525b60559083e1fb89ba8e286e1bb194979fc6cdf9b,0xffffffffffffffff,0,1
144,55,0x786dbfe6f2718b2f06b0e50c0aed4a29a5e5d1876bb24384fbbc80679b1cc8138987f97bf984abff35900b3f7e5568233a39aba5ebee2ae6aaaa4d45c6155900,0xfffffffffffffffe,1,1
145,56,0x52cb95d776950c07a04b85f6b3a830ec53d6d74100bdebaa0a31711f8ac1bbdc8c51b303e6bf0a860a8f7cbd37ada98b8380cc833db82d47e99e66735f224fec,0xffffffffffffffff,0,1
146,56,0x03ef59c2f9dfcd885c8abf09344a8cb4170ff2cf3c39b8dba02b3ac27a26357d158e400e6d0d96c99756d2cba05e80b76d7286aaab3e854b69bf0de4e64261fb,0xffffffffffffffff,0,1
147,56,0xa10a3eaea00746f6da119738914ea603d550af13d5fa7d9408617a4ac2761b64805912206058173a6aae73fb0000000000000000000000000000000000000000,0xfffffffffff00000,1,1
148,57,0xffd169aee53ea862d2b0c34dfb85c316e9436ffc63cf547a0abe287dba2596b9f6ff67db3d0f3d0fc0005cbb861fd16f62406bc60fc040197e6996388e2cf184,0xffffffffffffffff,0,1
149,57,0x00000000000000000000000000000000000000000000000000000000000000000000000000000000000000000000000000000000000000000000000000000000,0x0000000000000000,0,0
150,57,0x6068689d78289ed4e324f4b49356f4ff1c03bf5d1d3dc6b37654e067d80bc0387428d6ec5074c03398b4e72b0bdb2a27dee984fb274aaf9d9e8f04779ac4af0e,0xffffffffffffffff,0,1
151,57,0x85fa3cf9bb6f916f56bd7a31e7a210d1260bf871ba950f499986e45e36f24abbed87b5a8f646174d03927eeb0000000000000000000000000000000000000000,0xfffffffffff00000,1,1
152,58,0xbc5a9ab4cb5449db9ee261824097748b5361120809084e215552b3d43de762f941fcad0d51f6e8efd8497119e1e5a43447b63c50be8a7114dc24e8190b4a124d,0xffffffffffffffff,0,1
153,58,0xbf5a98b542878e8bf8a76cdd4ba02401dc75bf67e6d3430bbb5d16066f634d2fbde5e4ff6c728b6419f741649866657400000000000000000000000000000000,0xffffffffffff0000,1,1
154,59,0xdbc1f81fccb47ce3baeb46071a04ecff0358718ebc8b86fdef1e6355923e7a6e00728dcc2609afe0f4f6e70ffad30e0000000000000000000000000000000000,0xfffffffffffe0000,1,1
155,60,0x7f8ce70a12e5fa30484fc287c930873bbd5362c60342bbf92acaf3fdd8f029577c10628ef55cbe3eab81c574b14caf6f9f1135a254f09b7eba8e7b927fa4eafb,0xffffffffffffffff,0,1
156,60,0x4c8aaa00000000000000000000000000000000000000000000000000000000000000000000000000000000000000000000000000000000000000000000000000,0xe000000000000000,1,1
157,61,0x00000000000000000000000000000000000000000000000000000000000000000000000000000000000000000000000000000000000000000000000000000000,0x0000000000000000,0,0
158,61,0x53c9adc77bf976ea99881f3bdc10d75aca65d55de47a47e02f936ad93bb2c28e7c6f55f769cbe10253003d2f101489db7a5f385ed97f3e0812a8e14d5ba3dbd7,0xffffffffffffffff,0,1
159,61,0x30ce7cfb000000000000000000000000000000000000000000000000000000000000000000000000000000000000000000000000000000000000000000000000,0xf000000000000000,1,1
160,62,0x4fafbb7ec0d0089b4a67d3a84052e748648f29b1eacd8cc1e0bc8f5cb73eda06ee9585ae658d49aff41c58346e3f7cd2cea583b9720f7a52cb0aae8248888936,0xffffffffffffffff,0,1
161,62,0x0ee4839b2d338f498bc3b7ca3f8998e40c51571bcca9e6d658691ee0f255fe0039829b67b52ab040ed680a2cf1a210fef46719c01100966969b4495b09485b43,0xffffffffffffffff,0,1
162,62,0xf6aa7f205abf0dc2c939b46b49b25fb1cb1fc2cbb52b346a748f73bceab686e0600500bbc40d7d8d4631f990e35841af78037a2d2eaf97a23e0b5f29c1e50922,0xffffffffffffffff,0,1
163,62,0x0a000000000000000000000000000000000000000000000000000000000000000000000000000000000000000000000000000000000000000000000000000000,0x8000000000000000,1,1
164,63,0x00000000000000000000000000000000000000000000000000000000000000000000000000000000000000000000000000000000000000000000000000000000,0x0000000000000000,0,0
165,63,0x00000000000000000000000000000000000000000000000000000000000000000000000000000000000000000000000000000000000000000000000000000000,0x0000000000000000,0,0
166,63,0x3d5e8c36ee6f8e2f1e063299346048cb0286d661af9847b9ba32c397e1daf11e387d5426ede3550be987a41de7ece9ea73bf4b225792db11c49ea8a6799ac4b1,0xffffffffffffffff,0,1
167,63,0x19d804fc2d10e5b5b4039ca1ec8614abd2360364121429b0bdcf295793db6eacb373a8e0838e95379132d87db8ec288a232bef354018e5fde70f547aeac2279d,0xffffffffffffffff,0,1
168,63,0xcf7db85d13f0ee45c86bfdb59488d8bf770dff8ff2fc760150f0eb13178848e706014419f1335eb99e5b6e32e346f25a53f1e946ee5f473e50335167bb9a4ec1,0xffffffffffffffff,0,1
169,63,0x93da8cc638456494b49777fa89d24e7abb94681bdba76b0ef8d2ca92210000000000000000000000000000000000000000000000000000000000000000000000,0xfffffff800000000,1,1
170,64,0xb466b97a9effde32b375aaadfe7cfb79378fe1526b88bd7981904313b1cf416535fadfd3f9bd06ac33b05a312c55aa63e58cb6501473c995030da9b4dcea1911,0xffffffffffffffff,0,1
171,64,0xf8e4deb6ea8ae99ae41ac63ac52a1f51e06f655338fb5745a40b218e2532721d1750d301dbbc9cbfd762f99c8c18ed6c8752c0c04d1705f122277f4759f26570,0xffffffffffffffff,0,1
172,64,0x38721df50eddcc70d668fdef556976a72936f5403ce6636366aabc580f2d9a489fb83dad95091d6b711a5ac684d16dad0762ee434951a6affb63070b90a1532f,0xffffffffffffffff,0,1
173,64,0x90dcee99f95a0a14b4d098853d458da033d0e984779880da9f8b6a40de999a6e7588076ee2118297e11a1c1e60a9be937aa718f13f98cbde23351f01ceb96f00,0xfffffffffffffffe,1,1
